{
  "AC_POWER": [
    0.0,
    0.0,
    0.0,
    0.0,
    0.0,
    0.0,
    0.0,
    0.0,
    0.0,
    0.0,
    0.0,
    0.0,
    0.0,
    0.0,
    0.0,
    0.0,
    0.0,
    0.0,
    0.0,
    0.0,
    0.0,
    0.0,
    0.0,
    0.0,
    0.012333960262143258,
    0.021823820106703206,
    0.0478663454813552,
    0.12985718534704774,
    0.2545974204058518,
    0.3169562196007636,
    0.38183551565791224,
    0.4547126492991422,
    0.4670100976223304,
    0.5305879043534567,
    0.6050261066778778,
    0.6697333273922005,
    0.7042402623419471,
    0.7603850667855969,
    0.7526153921614109,
    0.7170093781978305,
    0.6983439874450251,
    0.6559534430254379,
    0.6783159791953066,
    0.7012088549443535,
    0.6746935622798091,
    0.6664333042991323,
    0.6758969166052468,
    0.6402358231353612,
    0.6368339991843834,
    0.6758516799258587,
    0.6628269804972908,
    0.6600160927470702,
    0.6696417909348005,
    0.6671278742864615,
    0.7015775668740816,
    0.6663094166508409,
    0.6853835321660742,
    0.7054345253412194,
    0.6405771511108729,
    0.6877458472847461,
    0.7559207674061733,
    0.7205678442322968,
    0.5294634392776487,
    0.5975543379491914,
    0.5348740247376085,
    0.39287867256813486,
    0.3518441471022763,
    0.3677267672305421,
    0.24150578242253307,
    0.16107524140999355,
    0.07827246913471854,
    0.031541476325426004,
    0.020266288975830396,
    0.012405811065709265,
    0.0019208359210467446,
    0.0,
    0.0,
    0.0,
    0.0,
    0.0,
    0.0,
    0.0,
    0.0,
    0.0,
    0.0,
    0.0,
    0.0,
    0.0,
    0.0,
    0.0,
    0.0,
    0.0,
    0.0,
    0.0,
    0.0,
    0.0
  ],
  "DC_POWER": [
    0.0,
    0.0,
    0.0,
    0.0,
    0.0,
    0.0,
    0.0,
    0.0,
    0.0,
    0.0,
    0.0,
    0.0,
    0.0,
    0.0,
    0.0,
    0.0,
    0.0,
    0.0,
    0.0,
    0.0,
    0.0,
    0.0,
    0.0,
    0.0,
    0.012466654783886949,
    0.02204913076417336,
    0.04822310481584457,
    0.12958435924828351,
    0.2528398508377359,
    0.31466318327652293,
    0.37961472184854084,
    0.4525723667006747,
    0.4648640520831962,
    0.5283894961567885,
    0.6028054041279974,
    0.6675475158600775,
    0.7021020503803156,
    0.7583503409194295,
    0.7509202478560927,
    0.7156891351815919,
    0.6973476212315327,
    0.6558363140418407,
    0.678695310841501,
    0.7016080054553975,
    0.6750842892962857,
    0.6668050090208036,
    0.6762792847100668,
    0.6406074136529133,
    0.6372034943669329,
    0.6762442014228435,
    0.6632111357286193,
    0.6603827289804975,
    0.6698383007357978,
    0.6672327318701301,
    0.7016797634735558,
    0.6663905720442634,
    0.6850389127657103,
    0.7049929704679545,
    0.6390991362859465,
    0.6861470761495444,
    0.7539368204714163,
    0.7184704959925658,
    0.5273015208622892,
    0.5953964826304469,
    0.5327200827178796,
    0.39083066280733814,
    0.34960406310957653,
    0.3655131358121612,
    0.23992237044861403,
    0.1603142432567132,
    0.07852072410188214,
    0.031834667809549744,
    0.020474263100764636,
    0.0125411844174987,
    0.0019425805678213942,
    0.0,
    0.0,
    0.0,
    0.0,
    0.0,
    0.0,
    0.0,
    0.0,
    0.0,
    0.0,
    0.0,
    0.0,
    0.0,
    0.0,
    0.0,
    0.0,
    0.0,
    0.0,
    0.0,
    0.0,
    0.0
  ],
  "TOD_SIN": [
    0.0,
    0.06540312923014306,
    0.13052619222005157,
    0.19509032201612825,
    0.25881904510252074,
    0.3214394653031616,
    0.3826834323650898,
    0.4422886902190013,
    0.49999999999999994,
    0.5555702330196022,
    0.6087614290087207,
    0.6593458151000688,
    0.7071067811865475,
    0.7518398074789773,
    0.7933533402912352,
    0.8314696123025452,
    0.8660254037844386,
    0.8968727415326884,
    0.9238795325112867,
    0.9469301294951057,
    0.9659258262890683,
    0.9807852804032304,
    0.9914448613738104,
    0.9978589232386035,
    1.0,
    0.9978589232386035,
    0.9914448613738105,
    0.9807852804032305,
    0.9659258262890683,
    0.9469301294951057,
    0.9238795325112867,
    0.8968727415326884,
    0.8660254037844387,
    0.8314696123025451,
    0.7933533402912352,
    0.7518398074789774,
    0.7071067811865476,
    0.6593458151000686,
    0.6087614290087204,
    0.5555702330196022,
    0.49999999999999994,
    0.4422886902190013,
    0.3826834323650899,
    0.32143946530316175,
    0.258819045102521,
    0.19509032201612816,
    0.13052619222005157,
    0.06540312923014312,
    1.2246467991473532e-16,
    -0.06540312923014287,
    -0.13052619222005132,
    -0.19509032201612792,
    -0.25881904510252035,
    -0.3214394653031611,
    -0.3826834323650892,
    -0.44228869021900147,
    -0.5000000000000001,
    -0.5555702330196023,
    -0.6087614290087207,
    -0.6593458151000688,
    -0.7071067811865475,
    -0.7518398074789773,
    -0.7933533402912349,
    -0.8314696123025448,
    -0.8660254037844384,
    -0.8968727415326883,
    -0.9238795325112868,
    -0.9469301294951056,
    -0.9659258262890683,
    -0.9807852804032303,
    -0.9914448613738104,
    -0.9978589232386035,
    -1.0,
    -0.9978589232386036,
    -0.9914448613738104,
    -0.9807852804032304,
    -0.9659258262890682,
    -0.9469301294951057,
    -0.9238795325112866,
    -0.8968727415326885,
    -0.8660254037844386,
    -0.8314696123025455,
    -0.7933533402912352,
    -0.7518398074789778,
    -0.7071067811865477,
    -0.6593458151000687,
    -0.6087614290087209,
    -0.5555702330196022,
    -0.5000000000000004,
    -0.4422886902190014,
    -0.38268343236508956,
    -0.32143946530316186,
    -0.2588190451025207,
    -0.19509032201612872,
    -0.13052619222005168,
    -0.06540312923014367
  ],