{
  "AC_POWER": [
    0.0,
    0.0,
    0.0,
    0.0,
    0.0,
    0.0,
    0.0,
    0.0,
    0.0,
    0.0,
    0.0,
    0.0,
    0.0,
    0.0,
    0.0,
    0.0,
    0.0,
    0.0,
    0.0,
    0.0,
    0.0,
    0.0,
    0.010992487047712801,
    0.019450205348145202,
    0.0426602787378943,
    0.11573358415635236,
    0.2269067506875604,
    0.28248324662981955,
    0.340306103718302,
    0.4052569330220481,
    0.41621687926311657,
    0.4728798003492957,
    0.5392219124945505,
    0.5968914095966991,
    0.6276452816239667,
    0.6776836328530911,
    0.6707590080078619,
    0.6390255956247636,
    0.6223903007373244,
    0.5846102608657807,
    0.6045405901336467,
    0.6249435778851711,
    0.6013121565909151,
    0.5939503054957683,
    0.6023846310074886,
    0.5706021297067365,
    0.5675702968708146,
    0.6023443143856019,
    0.5907362147382949,
    0.5882310463633235,
    0.59680982887964,
    0.594569332266341,
    0.6252721877578907,
    0.5938398921864767,
    0.6108394578808246,
    0.6287096535103718,
    0.5709063339744729,
    0.6129448415364149,
    0.6737048821467142,
    0.6421970337486286,
    0.4718776349848294,
    0.5325627925340556,
    0.4766997512658182,
    0.35014817850380875,
    0.3135766734798328,
    0.3277318590271362,
    0.21523899289473858,
    0.14355628421644426,
    0.06975935424380728,
    0.02811094430368598,
    0.018062075305673855,
    0.01105652317323781,
    0.0017119208700303319,
    0.0,
    0.0,
    0.0,
    0.0,
    0.0,
    0.0,
    0.0,
    0.0,
    0.0,
    0.0,
    0.0,
    0.0,
    0.0,
    0.0,
    0.0,
    0.0,
    0.0,
    0.0,
    0.0,
    0.0,
    0.0,
    0.0,
    0.0
  ],
  "DC_POWER": [
    0.0,
    0.0,
    0.0,
    0.0,
    0.0,
    0.0,
    0.0,
    0.0,
    0.0,
    0.0,
    0.0,
    0.0,
    0.0,
    0.0,
    0.0,
    0.0,
    0.0,
    0.0,
    0.0,
    0.0,
    0.0,
    0.0,
    0.001110576679173641,
    0.0019642198205721225,
    0.004295896255589195,
    0.011543864000534422,
    0.022523928573771106,
    0.028031384457129483,
    0.03381751275417373,
    0.04031685522774065,
    0.04141184497199919,
    0.04707093138654131,
    0.05370018144479863,
    0.05946765320819693,
    0.06254590161269089,
    0.06755671171363814,
    0.06689481096935052,
    0.06375629042828199,
    0.06212235911256116,
    0.058424375131608156,
    0.0604607408764766,
    0.06250189022538694,
    0.060139057442898804,
    0.05940150789543104,
    0.06024551214636746,
    0.05706772718437689,
    0.056764493202018984,
    0.060242386794675744,
    0.05908135209298085,
    0.05882938694048931,
    0.05967172497436685,
    0.059439611061825416,
    0.06250828270058513,
    0.05936458828474866,
    0.061025852887767185,
    0.06280343568950161,
    0.056933364141642774,
    0.06112457226615176,
    0.06716353864776047,
    0.06400406455105849,
    0.046974010439379946,
    0.05304016674352986,
    0.04745671638863399,
    0.03481667112342032,
    0.031144049960834013,
    0.03256129022592939,
    0.02137319064747643,
    0.014281398096496,
    0.006994922577954712,
    0.0028359524083575016,
    0.0018239246628023735,
    0.0011172160603413576,
    0.00017305241168839711,
    0.0,
    0.0,
    0.0,
    0.0,
    0.0,
    0.0,
    0.0,
    0.0,
    0.0,
    0.0,
    0.0,
    0.0,
    0.0,
    0.0,
    0.0,
    0.0,
    0.0,
    0.0,
    0.0,
    0.0,
    0.0,
    0.0,
    0.0
  ],
  "target": [
    0.0,
    0.0,
    0.0,
    0.0,
    0.0,
    0.0,
    0.0,
    0.0,
    0.0,
    0.0,
    0.0,
    0.0,
    0.0,
    0.0,
    0.0,
    0.0,
    0.0,
    0.0,
    0.0,
    0.0,
    0.0,
    0.0,
    302.6719047619048,
    998.9066666666668,
    1836.4485714285713,
    2715.6866666666665,
    3625.84380952381,
    5433.604761904762,
    8408.233333333334,
    8324.602380952381,
    11720.873333333333,
    13420.211904761905,
    15192.791428571429,
    16185.93333333333,
    18243.19761904762,
    19529.97857142857,
    20727.341428571428,
    20661.109047619047,
    17418.533333333333,
    18185.29238095238,
    16192.338571428569,
    16632.631904761904,
    17139.98380952381,
    17346.83238095238,
    17839.440000000002,
    17051.142857142855,
    15727.69904761905,
    13366.500952380951,
    15586.794285714288,
    10827.934285714286,
    15991.596666666666,
    16168.620000000003,
    17497.001904761906,
    10322.661904761904,
    13678.706666666667,
    18474.928095238094,
    18605.33714285714,
    13503.72619047619,
    13624.586190476191,
    9587.393333333333,
    12347.567619047619,
    9889.089523809524,
    7112.233809523809,
    6883.972857142858,
    3559.8066666666664,
    2138.552857142857,
    2748.0790476190473,
    957.4709523809524,
    338.8614285714286,
    164.02666666666667,
    16.682380952380953,
    0.0,
    0.0,
    0.0,
    0.0,
    0.0,
    0.0,
    0.0,
    0.0,
    0.0,
    0.0,
    0.0,
    0.0,
    0.0,
    0.0,
    0.0,
    0.0,
    0.0,
    0.0,
    0.0,
    0.0,
    0.0,
    0.0,
    0.0,
    0.0,
    0.0
  ]
}