{
  "AC_POWER": [
    0.0,
    0.0,
    0.0,
    0.0,
    0.0,
    0.0,
    0.0,
    0.0,
    0.0,
    0.0,
    0.0,
    0.0,
    0.0,
    0.0,
    0.0,
    0.0,
    0.0,
    0.0,
    0.0,
    0.0,
    0.00311933117712673,
    0.020354523676297538,
    0.05077817675980159,
    0.09572651363676084,
    0.1390268473356421,
    0.14986932322534077,
    0.14668624179486464,
    0.1492988993767815,
    0.21837264235100762,
    0.3431215001689309,
    0.3772048995003794,
    0.3114923384318894,
    0.5561314518909983,
    0.3325132584653546,
    0.2576790821115859,
    0.541783786325461,
    0.6139508662180061,
    0.5328245892043779,
    0.4339107917766949,
    0.3804990762547785,
    0.649619939653943,
    0.5380308528089813,
    0.5216868977926553,
    0.5626576233796805,
    0.5231800054192806,
    0.7024654745553729,
    0.6635185641498673,
    0.7022555194169597,
    0.43642483862292336,
    0.5031176261512027,
    0.5895551852011217,
    0.5741550891978627,
    0.746034563955444,
    0.8697208100925412,
    0.47990031194043264,
    0.5393804713375375,
    0.4323730426298735,
    0.48133531740742314,
    0.5606449573312937,
    0.3617046040971984,
    0.3672022361643916,
    0.3349356862813585,
    0.35027752493915015,
    0.2622196844761327,
    0.16792305912925753,
    0.16723738660111778,
    0.0877529337663577,
    0.03780436788197699,
    0.021556507889661403,
    0.0072778812752146435,
    0.0,
    0.0,
    0.0,
    0.0,
    0.0,
    0.0,
    0.0,
    0.0,
    0.0,
    0.0,
    0.0,
    0.0,
    0.0,
    0.0,
    0.0,
    0.0,
    0.0,
    0.0,
    0.0,
    0.0,
    0.0,
    0.0,
    0.0,
    0.0,
    0.0,
    0.0
  ],
  "DC_POWER": [
    0.0,
    0.0,
    0.0,
    0.0,
    0.0,
    0.0,
    0.0,
    0.0,
    0.0,
    0.0,
    0.0,
    0.0,
    0.0,
    0.0,
    0.0,
    0.0,
    0.0,
    0.0,
    0.0,
    0.0,
    0.0031516551421973127,
    0.02054641963615286,
    0.05108472562453035,
    0.09576102672671394,
    0.1383094284611773,
    0.14907519377035797,
    0.1459142796632445,
    0.1485121486116463,
    0.21688393596016106,
    0.3409978999472799,
    0.3750933165129451,
    0.3094472117845272,
    0.5539577155316449,
    0.3305905863398321,
    0.25598052055297665,
    0.539811437124731,
    0.6122552016912107,
    0.5309350679574885,
    0.43187459694454156,
    0.37841700937311723,
    0.6481885026571202,
    0.5362360793877976,
    0.5198712512869238,
    0.5608799035852067,
    0.5212512565379167,
    0.7010468694054741,
    0.6619588070474571,
    0.7005445551006988,
    0.4343457513563048,
    0.5009087533660382,
    0.5873244289576831,
    0.5719269943675129,
    0.7440970159248724,
    0.8691215970002709,
    0.47803234978340736,
    0.5376219984378634,
    0.43020448115836146,
    0.4792139023702143,
    0.5584651034779353,
    0.3597643585221831,
    0.36502805529194,
    0.3328218198335031,
    0.3481647758104684,
    0.2601785393046691,
    0.16697042074641383,
    0.1663177526986573,
    0.08780701064824246,
    0.03810575492470754,
    0.02176038062418282,
    0.007356774426781444,
    0.0,
    0.0,
    0.0,
    0.0,
    0.0,
    0.0,
    0.0,
    0.0,
    0.0,
    0.0,
    0.0,
    0.0,
    0.0,
    0.0,
    0.0,
    0.0,
    0.0,
    0.0,
    0.0,
    0.0,
    0.0,
    0.0,
    0.0,
    0.0,
    0.0,
    0.0
  ],
  "target": [
    0.0,
    0.0,
    0.0,
    0.0,
    0.0,
    0.0,
    0.0,
    0.0,
    0.0,
    0.0,
    0.0,
    0.0,
    0.0,
    0.0,
    0.0,
    0.0,
    0.0,
    0.0,
    0.0,
    0.0,
    0.0037448269032256563,
    0.024783695831540973,
    0.05163892765247041,
    0.08283650713293553,
    0.11450100308923994,
    0.14577509512652007,
    0.18314899567483936,
    0.25402044668298795,
    0.3111631323068798,
    0.35406400799836585,
    0.43887207636098263,
    0.47883276274843045,
    0.4737058704554453,
    0.42898645864173324,
    0.4362620120706242,
    0.5412702517259957,
    0.542811223089465,
    0.5272900791967567,
    0.6940506866148591,
    0.6145635179645623,
    0.5953878430044167,
    0.5619933302531497,
    0.5294927708067133,
    0.6543083887280172,
    0.665840220861712,
    0.5539212254131567,
    0.7667550083439959,
    0.8217989589551635,
    0.642239498523115,
    0.7836540520856803,
    0.6229364047354006,
    0.5218556664697334,
    0.46479923358585457,
    0.6305322817331274,
    0.5504768128860287,
    0.5390850802010134,
    0.529965200587473,
    0.4389451584045551,
    0.37457335371653194,
    0.2861196981115015,
    0.2505348068131762,
    0.21099349987280513,
    0.19240872969596387,
    0.163825931435794,
    0.1454637153861387,
    0.11828632222212053,
    0.08633746176589062,
    0.05499451456022814,
    0.02860454521450245,
    0.009170602101757254,
    0.0,
    0.0,
    0.0,
    0.0,
    0.0,
    0.0,
    0.0,
    0.0,
    0.0,
    0.0,
    0.0,
    0.0,
    0.0,
    0.0,
    0.0,
    0.0,
    0.0,
    0.0,
    0.0,
    0.0,
    0.0,
    0.0,
    0.0,
    0.0,
    0.0,
    0.0
  ]
}